,x1,y1,x2,y2,cls,conf,name
0,221.47115,369.57797,1030.2183,772.18036,1.0,0.95885575,person
1,482.52393,12.925984,990.2736,767.5697,0.0,0.8976952,bicycle
2,344.986,275.4211,511.0436,403.7249,15.0,0.61872417,cat
