,x1,y1,x2,y2,cls,conf,name
0,228.81917,369.01035,1027.5974,770.7451,1.0,0.91751796,cat
1,344.89148,277.34674,522.21136,402.12247,15.0,0.61992323,person
2,482.83917,14.952733,855.5621,767.8199,0.0,0.5704945,bicycle
